PID,Program: Program Name,Status
P-000001,2D Matching,Active
P-000002,3D Matching,Active
P-000003,3D to 2D Matching,Active
P-000004,Actions,Active
P-000005,Animal Sounds,Active
P-000006,Arts and Crafts,Active
P-000007,Assertiveness,Active
P-000008,Associations,Active
P-000009,Ball Skills,Active
P-000010,Behaviour Vocabulary,Active
P-000011,Before/After,Active
P-000012,Bike Riding,Active
P-000013,Block Imitation,Active
P-000014,Board games,Active
P-000015,Body Parts,Active
P-000016,Book Labels,Active
P-000017,Break,Active
P-000018,Bring Me,Active
P-000019,Catastrophe Scale,Active
P-000020,Calendar,Active
P-000021,Categories,Active
P-000022,Choices,Active
P-000023,Circle of friends,Active
P-000024,Colour/Shape,Active
P-000025,Colouring,Active
P-000026,Colours,Active
P-000027,Come Here,Active
P-000028,Come sit,Active
P-000029,Communication Temptation,Active
P-000030,Complex Categories,Active
P-000031,Complex instructions,Active
P-000032,Complex Opposites,Active
P-000033,Component Labels,Active
P-000034,Conditional instructions,Active
P-000035,Contextual emotions,Active
P-000036,Contextual Instructions,Active
P-000037,Contextual sorting,Active
P-000038,Cued Articulation,Active
P-000039,Days of the week,Active
P-000040,Describe,Active
P-000041,Directed play,Active
P-000042,Do That,Active
P-000043,Don't,Active
P-000044,Drawing Imitation,Active
P-000045,Eating at the table,Active
P-000046,Emotions,Active
P-000047,Emotions Thermometer,Active
P-000048,Exclusions,Active
P-000049,Expressive Labels,Active
P-000050,Find your name,Active
P-000051,Fine motor imitation,Active
P-000052,Fine Motor Task Completion,Active
P-000053,Finish Box,Active
P-000054,First/Then,Active
P-000055,Fluency,Active
P-000056,Food tolerance,Active
P-000057,Functions,Active
P-000058,Gestures,Active
P-000059,Getting and giving information,Active
P-000060,Getting attention,Active
P-000061,Give to Person,Active
P-000062,Giving instructions,Active
P-000063,Go To,Active
P-000064,Go Went,Active
P-000065,Go To and Action,Active
P-000066,Go To and Bring Me,Active
P-000067,Greetings,Active
P-000068,Gross Motor,Active
P-000069,Guess,Active
P-000070,I don't know,Active
P-000071,I have,Active
P-000072,I see,Active
P-000073,If/then,Active
P-000074,Imaginary play,Active
P-000075,Impossible tasks,Active
P-000076,Interest development,Active
P-000077,Intonation,Active
P-000078,iPad play,Active
P-000079,Joining in,Active
P-000080,Joint Attention,Active
P-000081,Key Word Signs,Active
P-000082,Letter sequencing,Active
P-000083,Letters,Active
P-000084,Locations,Active
P-000085,M100 Words,Active
P-000086,Main idea,Active
P-000087,Mat Time,Active
P-000088,Non Verbal Imitation (NVI),Active
P-000089,Not available,Active
P-000090,Nuffield sounds,Active
P-000091,Number Sequencing,Active
P-000092,Numbers,Active
P-000093,Numeracy,Active
P-000094,Object Imitation,Active
P-000095,Object to word,Active
P-000096,Occupations,Active
P-000097,One to one counting,Active
P-000098,Opposites,Active
P-000099,Oral Motor,Active
P-000100,Past Tense,Active
P-000101,Patterns,Active
P-000102,PECS,Active
P-000103,People,Active
P-000104,Phonics,Active
P-000105,Play Development,Active
P-000106,Play Flexibility,Active
P-000107,Play Imitation,Active
P-000108,Play language,Active
P-000109,Play with sibling,Active
P-000110,Plurals,Active
P-000111,Prepositions,Active
P-000112,Pretend,Active
P-000113,Prologuo2go Labels,Active
P-000114,Proloquo2go,Active
P-000115,Pronouns,Active
P-000116,Proximity tolerance,Active
P-000117,Put It Down,Active
P-000118,Quantity Matching,Active
P-000119,Quiet,Active
P-000120,Recall,Active
P-000121,Receptive Instructions,Active
P-000122,Receptive Labels,Active
P-000123,Receptive Play Instructions,Active
P-000124,Reciprocal statements,Active
P-000125,Referencing the board,Active
P-000126,Reinforcement Contingency,Active
P-000127,Relaxation Strategies,Active
P-000128,Response to name,Active
P-000129,Rest corner,Active
P-000130,Riding bike,Active
P-000131,Role projection,Active
P-000132,Same/Different,Active
P-000133,Say vs. do,Active
P-000134,Self Help,Active
P-000135,Senses,Active
P-000136,Sequencing,Active
P-000137,Shapes,Active
P-000138,Sign exposure,Active
P-000139,Social Games,Active
P-000140,Social Questions,Active
P-000141,Social situations,Active
P-000142,Song Exposure,Active
P-000143,Songs,Active
P-000144,Song Actions,Active
P-000145,Sorting,Active
P-000146,Sound discrimination,Active
P-000147,Spatial Awareness,Active
P-000148,Spelling,Active
P-000149,Spontaneous Labels,Active
P-000150,Statement question,Active
P-000151,Stop,Active
P-000152,Ta,Active
P-000153,Task Completion,Active
P-000154,Tenses,Active
P-000155,Theory of mind,Active
P-000156,Timer,Active
P-000157,Toilet routine,Active
P-000158,Toileting,Active
P-000159,Token Board,Active
P-000160,Tolerance,Active
P-000161,Toothbrush Tolerance,Active
P-000162,Touch Same,Active
P-000163,Tracing,Active
P-000164,Turn Taking,Active
P-000165,Typing,Active
P-000166,Verbal Imitation (VI),Active
P-000167,Video modelling,Active
P-000168,Visual schedule,Active
P-000169,Vocabulary,Active
P-000170,Volume proximity,Active
P-000171,Wait tolerance,Active
P-000172,Walk with me,Active
P-000173,Washing hands,Active
P-000174,What doesn't belong,Active
P-000175,What's missing?,Active
P-000176,What's silly,Active
P-000177,When,Active
P-000178,Who What When Where Why How,Active
P-000179,Why/because,Active
P-000180,Word matching,Active
P-000181,Words,Active
P-000182,Working through distractions,Active
P-000183,Worksheets,Active
P-000184,Writing,Active
P-000185,Yes/no,Active
P-000186,You be the teacher,Active
P-000187,Zones of regulation,Active
P-000188,Drawing language exposure,Active
P-000189,Eating tolerance,Active
P-000190,Reinforcement Development,Active
P-000191,Tolerance to Parents Leaving,Active
P-000192,Washing hands tolerance,Active
P-000193,Animal Matching,Active
P-000194,Books,Active
P-000195,Give me same,Active
P-000196,Expressive labels exposure,Active
P-000197,Proloquo2go people,Active
P-000198,Proloquo2go commenting,Active
P-000199,Proloquo requests,Active
P-000200,Hat tolerance,Active
P-000201,Exposure,Active
P-000202,Articulation Modelling,Active
P-000203,Precision NVI,Active
P-000204,Generalisation,Active
P-000205,Bathroom tolerance,Active
P-000206,Daily living skills,Active
P-000207,Language exposure,Active
P-000208,Social rules,Active
P-000209,Reading tolerance,Active
P-000210,Toilet tolerance,Active
P-000211,Conversation,Active
P-000212,Reward Chart,Active
P-000213,Getting dressed,Active
P-000214,Finished,Active
P-000215,Proloquo2go Tolerance,Active
P-000216,Do vs Don't,Active
P-000217,Proloquo2go Colour/shape,Active
P-000218,Colour/item,Active
P-000219,People actions,Active
P-000220,Table and chair exposure,Active
P-000221,Snack Time,Active