"PID","Program: Program Name","Stage","Status"
"P-000001","2D Matching","","Active"
"P-000002","3D Matching","","Active"
"P-000003","3D to 2D Matching","","Active"
"P-000004","Actions","","Active"
"P-000005","Animal Matching","","Active"
"P-000006","Animal Sounds","","Active"
"P-000007","Articulation Modelling","","Active"
"P-000008","Arts and Crafts","","Active"
"P-000009","Assertiveness","","Active"
"P-000010","Associations","","Active"
"P-000011","Ball Skills","","Active"
"P-000012","Bathroom tolerance","","Active"
"P-000013","Before/After","","Active"
"P-000014","Behaviour Vocabulary","","Active"
"P-000015","Bike Riding","","Active"
"P-000016","Block Imitation","","Active"
"P-000017","Board games","","Active"
"P-000018","Body Parts","","Active"
"P-000019","Book Labels","","Active"
"P-000020","Books","","Active"
"P-000021","Break","","Active"
"P-000022","Bring Me","","Active"
"P-000023","Calendar","","Active"
"P-000024","Catastrophe Scale","","Active"
"P-000025","Categories","","Active"
"P-000026","Choices","","Active"
"P-000027","Circle of friends","","Active"
"P-000028","Colour/Item","","Active"
"P-000029","Colour/Shape","","Active"
"P-000030","Colouring","","Active"
"P-000031","Colours","","Active"
"P-000032","Come Here","","Active"
"P-000033","Come sit","","Active"
"P-000034","Communication Temptation","","Active"
"P-000035","Complex Categories","","Active"
"P-000036","Complex instructions","","Active"
"P-000037","Complex Opposites","","Active"
"P-000038","Component Labels","","Active"
"P-000039","Conditional instructions","","Active"
"P-000040","Contextual emotions","","Active"
"P-000041","Contextual Instructions","","Active"
"P-000042","Contextual sorting","","Active"
"P-000043","Conversation","","Active"
"P-000044","Cued Articulation","","Active"
"P-000045","Daily living skills","","Active"
"P-000046","Days of the week","","Active"
"P-000047","Describe","","Active"
"P-000048","Directed play","","Active"
"P-000049","Do That","","Active"
"P-000050","Do vs Don't","","Active"
"P-000051","Don't","","Active"
"P-000052","Drawing","","Active"
"P-000053","Drawing Imitation","","Active"
"P-000054","Drawing language exposure","","Active"
"P-000055","Eating at the table","","Active"
"P-000056","Eating tolerance","","Active"
"P-000057","Emotions","","Active"
"P-000058","Emotions Thermometer","","Active"
"P-000059","Exclusions","","Active"
"P-000060","Exposure","","Active"
"P-000061","Expressive Labels","","Active"
"P-000062","Expressive labels exposure","","Active"
"P-000063","Find your name","","Active"
"P-000064","Fine motor imitation","","Active"
"P-000065","Fine Motor Task Completion","","Active"
"P-000066","Finish Box","","Active"
"P-000067","Finished","","Active"
"P-000068","First/Then","","Active"
"P-000069","Fluency","","Active"
"P-000070","Food tolerance","","Active"
"P-000071","Functions","","Active"
"P-000072","Gender","","Active"
"P-000073","Generalisation","","Active"
"P-000074","Gestures","","Active"
"P-000075","Getting and giving information","","Active"
"P-000076","Getting attention","","Active"
"P-000077","Getting dressed","","Active"
"P-000078","Give me same","","Active"
"P-000079","Give to Person","","Active"
"P-000080","Giving instructions","","Active"
"P-000081","Go To","","Active"
"P-000082","Go To and Action","","Active"
"P-000083","Go To and Bring Me","","Active"
"P-000084","Go Went","","Active"
"P-000085","Greetings","","Active"
"P-000086","Gross Motor","","Active"
"P-000087","Guess","","Active"
"P-000088","Hat tolerance","","Active"
"P-000089","His/her","","Active"
"P-000090","I don't know","","Active"
"P-000091","I have","","Active"
"P-000092","I see","","Active"
"P-000093","I'll be back","","Active"
"P-000094","If/then","","Active"
"P-000095","Imaginary play","","Active"
"P-000096","Impossible tasks","","Active"
"P-000097","Independent play","","Active"
"P-000098","Interest development","","Active"
"P-000099","Intonation","","Active"
"P-000100","iPad play","","Active"
"P-000101","Joining in","","Active"
"P-000102","Joint Attention","","Active"
"P-000103","Key Word Signs","","Active"
"P-000104","Language exposure","","Active"
"P-000105","Letter sequencing","","Active"
"P-000106","Letters","","Active"
"P-000107","Locations","","Active"
"P-000108","Losing Tolerance","","Active"
"P-000109","M100 Words","","Active"
"P-000110","Main idea","","Active"
"P-000111","Mat Time","","Active"
"P-000112","Move back","","Active"
"P-000113","Non Verbal Imitation (NVI)","","Active"
"P-000114","Not available","","Inactive"
"P-000115","Nuffield sounds","","Active"
"P-000116","Number Sequencing","","Active"
"P-000117","Numbers","","Active"
"P-000118","Numeracy","","Active"
"P-000119","Object Imitation","","Active"
"P-000120","Object to word","","Active"
"P-000121","Occupations","","Active"
"P-000122","One to one counting","","Active"
"P-000123","Opposites","","Active"
"P-000124","Oral Motor","","Active"
"P-000125","Packing up","","Active"
"P-000126","Past Tense","","Active"
"P-000127","Patterns","","Active"
"P-000128","PECS","","Active"
"P-000129","People","","Active"
"P-000130","People actions","","Active"
"P-000131","Phonics","","Active"
"P-000132","Play Development","","Active"
"P-000133","Play Flexibility","","Active"
"P-000134","Play Imitation","","Active"
"P-000135","Play language","","Active"
"P-000136","Play with sibling","","Active"
"P-000137","Plurals","","Active"
"P-000138","Precision NVI","","Active"
"P-000139","Predicting","","Active"
"P-000140","Prepositions","","Active"
"P-000141","Pretend","","Active"
"P-000142","Prologuo2go Labels","","Active"
"P-000143","Proloquo requests","","Active"
"P-000144","Proloquo2go","","Active"
"P-000145","Proloquo2go Colour/shape","","Active"
"P-000146","Proloquo2go commenting","","Active"
"P-000147","Proloquo2go Exposure","","Active"
"P-000148","Proloquo2go people","","Active"
"P-000149","Proloquo2go Tolerance","","Active"
"P-000150","Pronouns","","Active"
"P-000151","Proximity tolerance","","Active"
"P-000152","Put It Down","","Active"
"P-000153","Quantity Matching","","Active"
"P-000154","Quiet","","Active"
"P-000155","Reading tolerance","","Active"
"P-000156","Recall","","Active"
"P-000157","Receptive Instructions","","Active"
"P-000158","Receptive Labels","","Active"
"P-000159","Receptive Play Instructions","","Active"
"P-000160","Reciprocal statements","","Active"
"P-000161","Referencing the board","","Active"
"P-000162","Reinforcement Contingency","","Active"
"P-000163","Reinforcement Development","","Active"
"P-000164","Relaxation Strategies","","Active"
"P-000165","Response to name","","Active"
"P-000166","Rest corner","","Active"
"P-000167","Reward Chart","","Active"
"P-000168","Riding bike","","Active"
"P-000169","Role projection","","Active"
"P-000170","Same/Different","","Active"
"P-000171","Say vs. do","","Active"
"P-000172","Searching","","Active"
"P-000173","Self Help","","Active"
"P-000174","Senses","","Active"
"P-000175","Sequencing","","Active"
"P-000176","Shapes","","Active"
"P-000177","Sign exposure","","Active"
"P-000178","Snack Time","","Active"
"P-000179","Social Games","","Active"
"P-000180","Social Questions","","Active"
"P-000181","Social rules","","Active"
"P-000182","Social situations","","Active"
"P-000183","Song Actions","","Active"
"P-000184","Song Exposure","","Active"
"P-000185","Songs","","Active"
"P-000186","Sorting","","Active"
"P-000187","Sound discrimination","","Active"
"P-000188","Spatial Awareness","","Active"
"P-000189","Spelling","","Active"
"P-000190","Spontaneous Labels","","Active"
"P-000191","Statement question","","Active"
"P-000192","Sticker Tolerance","","Active"
"P-000193","Stop","","Active"
"P-000194","Ta","","Active"
"P-000195","Table and chair exposure","","Active"
"P-000196","Task Completion","","Active"
"P-000197","Tenses","","Active"
"P-000198","Theory of mind","","Active"
"P-000199","Time","","Active"
"P-000200","Timer","","Active"
"P-000201","Toilet routine","","Active"
"P-000202","Toilet tolerance","","Active"
"P-000203","Toileting","","Active"
"P-000204","Token Board","","Active"
"P-000205","Tolerance","","Active"
"P-000206","Tolerance to Parents Leaving","","Active"
"P-000207","Toothbrush Tolerance","","Active"
"P-000208","Touch Same","","Active"
"P-000209","Tracing","","Active"
"P-000210","Turn Taking","","Active"
"P-000211","Typing","","Active"
"P-000212","Verbal Imitation (VI)","","Active"
"P-000213","Video modelling","","Active"
"P-000214","Visual schedule","","Active"
"P-000215","Vocabulary","","Active"
"P-000216","Volume proximity","","Active"
"P-000217","Wait tolerance","","Active"
"P-000218","Walk properly","","Active"
"P-000219","Walk with me","","Active"
"P-000220","Washing hands","","Active"
"P-000221","Washing hands tolerance","","Active"
"P-000222","What doesn't belong","","Active"
"P-000223","What's missing?","","Active"
"P-000224","What's silly","","Active"
"P-000225","When","","Active"
"P-000226","Who What When Where Why How","","Active"
"P-000227","Why/because","","Active"
"P-000228","Word matching","","Active"
"P-000229","Words","","Active"
"P-000230","Working through distractions","","Active"
"P-000231","Worksheets","","Active"
"P-000232","Writing","","Active"
"P-000233","Yes/no","","Active"
"P-000234","You be the teacher","","Active"
"P-000235","Zones of regulation","","Active"
