PID__c,Name,Stage__c,Status__c
P-000001,2D Matching,,Active
P-000002,3D Matching,,Active
P-000003,3D to 2D Matching,,Active
P-000004,Actions,,Active
P-000006,Animal Sounds,,Active
P-000008,Arts and Crafts,,Active
P-000009,Assertiveness,,Active
P-000010,Associations,,Active
P-000011,Ball Skills,,Active
P-000014,Behaviour Vocabulary,,Active
P-000013,Before/After,,Active
P-000015,Bike Riding,,Active
P-000016,Block Imitation,,Active
P-000017,Board games,,Active
P-000018,Body Parts,,Active
P-000019,Book Labels,,Active
P-000021,Break,,Active
P-000022,Bring Me,,Active
P-000024,Catastrophe Scale,,Active
P-000023,Calendar,,Active
P-000025,Categories,,Active
P-000026,Choices,,Active
P-000027,Circle of friends,,Active
P-000029,Colour/Shape,,Active
P-000030,Colouring,,Active
P-000031,Colours,,Active
P-000032,Come Here,,Active
P-000033,Come sit,,Active
P-000034,Communication Temptation,,Active
P-000035,Complex Categories,,Active
P-000036,Complex instructions,,Active
P-000037,Complex Opposites,,Active
P-000038,Component Labels,,Active
P-000039,Conditional instructions,,Active
P-000040,Contextual emotions,,Active
P-000041,Contextual Instructions,,Active
P-000042,Contextual sorting,,Active
P-000044,Cued Articulation,,Active
P-000046,Days of the week,,Active
P-000047,Describe,,Active
P-000048,Directed play,,Active
P-000049,Do That,,Active
P-000051,Don't,,Active
P-000053,Drawing Imitation,,Active
P-000055,Eating at the table,,Active
P-000057,Emotions,,Active
P-000058,Emotions Thermometer,,Active
P-000059,Exclusions,,Active
P-000061,Expressive Labels,,Active
P-000063,Find your name,,Active
P-000064,Fine motor imitation,,Active
P-000065,Fine Motor Task Completion,,Active
P-000066,Finish Box,,Active
P-000068,First/Then,,Active
P-000069,Fluency,,Active
P-000070,Food tolerance,,Active
P-000071,Functions,,Active
P-000074,Gestures,,Active
P-000075,Getting and giving information,,Active
P-000076,Getting attention,,Active
P-000079,Give to Person,,Active
P-000080,Giving instructions,,Active
P-000081,Go To,,Active
P-000084,Go Went,,Active
P-000082,Go To and Action,,Active
P-000083,Go To and Bring Me,,Active
P-000085,Greetings,,Active
P-000086,Gross Motor,,Active
P-000087,Guess,,Active
P-000090,I don't know,,Active
P-000091,I have,,Active
P-000092,I see,,Active
P-000094,If/then,,Active
P-000095,Imaginary play,,Active
P-000096,Impossible tasks,,Active
P-000098,Interest development,,Active
P-000099,Intonation,,Active
P-000100,iPad play,,Active
P-000101,Joining in,,Active
P-000102,Joint Attention,,Active
P-000103,Key Word Signs,,Active
P-000105,Letter sequencing,,Active
P-000106,Letters,,Active
P-000107,Locations,,Active
P-000109,M100 Words,,Active
P-000110,Main idea,,Active
P-000111,Mat Time,,Active
P-000113,Non Verbal Imitation (NVI),,Active
P-000114,Not available,,Inactive
P-000115,Nuffield sounds,,Active
P-000116,Number Sequencing,,Active
P-000117,Numbers,,Active
P-000118,Numeracy,,Active
P-000119,Object Imitation,,Active
P-000120,Object to word,,Active
P-000121,Occupations,,Active
P-000122,One to one counting,,Active
P-000123,Opposites,,Active
P-000124,Oral Motor,,Active
P-000126,Past Tense,,Active
P-000127,Patterns,,Active
P-000128,PECS,,Active
P-000129,People,,Active
P-000131,Phonics,,Active
P-000132,Play Development,,Active
P-000133,Play Flexibility,,Active
P-000134,Play Imitation,,Active
P-000135,Play language,,Active
P-000136,Play with sibling,,Active
P-000137,Plurals,,Active
P-000140,Prepositions,,Active
P-000141,Pretend,,Active
P-000142,Prologuo2go Labels,,Active
P-000144,Proloquo2go,,Active
P-000150,Pronouns,,Active
P-000151,Proximity tolerance,,Active
P-000152,Put It Down,,Active
P-000153,Quantity Matching,,Active
P-000154,Quiet,,Active
P-000156,Recall,,Active
P-000157,Receptive Instructions,,Active
P-000158,Receptive Labels,,Active
P-000159,Receptive Play Instructions,,Active
P-000160,Reciprocal statements,,Active
P-000161,Referencing the board,,Active
P-000162,Reinforcement Contingency,,Active
P-000164,Relaxation Strategies,,Active
P-000165,Response to name,,Active
P-000166,Rest corner,,Active
P-000168,Riding bike,,Active
P-000169,Role projection,,Active
P-000170,Same/Different,,Active
P-000171,Say vs. do,,Active
P-000173,Self Help,,Active
P-000174,Senses,,Active
P-000175,Sequencing,,Active
P-000176,Shapes,,Active
P-000177,Sign exposure,,Active
P-000179,Social Games,,Active
P-000180,Social Questions,,Active
P-000182,Social situations,,Active
P-000184,Song Exposure,,Active
P-000185,Songs,,Active
P-000183,Song Actions,,Active
P-000186,Sorting,,Active
P-000187,Sound discrimination,,Active
P-000188,Spatial Awareness,,Active
P-000189,Spelling,,Active
P-000190,Spontaneous Labels,,Active
P-000191,Statement question,,Active
P-000193,Stop,,Active
P-000194,Ta,,Active
P-000196,Task Completion,,Active
P-000197,Tenses,,Active
P-000198,Theory of mind,,Active
P-000200,Timer,,Active
P-000201,Toilet routine,,Active
P-000203,Toileting,,Active
P-000204,Token Board,,Active
P-000205,Tolerance,,Active

LFL-P-000001,Treasure Hunt,,Active
,Social stories,,Active
,Proloquo2go Body parts,,Active
,Independent Tasks,,Active
,Draw Line to Same,,Active
,What's that from?,,Active
,Pause,,Active
,Table manners,,Active
,Location Rules,,Active
,Body Check Ring,,Active
,Managing school bag,,Active
,Lining up,,Active
,LAMP,,Active
,Hair Tolerance,,Active
,Green vs Red Choice,,Active
,Co-operative Play,,Active
,.,,Active