Name,PID__c,Stage__c,Status__c
2D Matching,P-000001,,Active
3D Matching,P-000002,,Active
3D to 2D Matching,P-000003,,Active
Actions,P-000004,,Active
Animal Sounds,P-000006,,Active
Arts and Crafts,P-000008,,Active
Assertiveness,P-000009,,Active
Associations,P-000010,,Active
Ball Skills,P-000011,,Active
Behaviour Vocabulary,P-000014,,Active
Before/After,P-000013,,Active
Bike Riding,P-000015,,Active
Block Imitation,P-000016,,Active
Board games,P-000017,,Active
Body Parts,P-000018,,Active
Book Labels,P-000019,,Active
Break,P-000021,,Active
Bring Me,P-000022,,Active
Catastrophe Scale,P-000024,,Active
Calendar,P-000023,,Active
Categories,P-000025,,Active
Choices,P-000026,,Active
Circle of friends,P-000027,,Active
Colour/Shape,P-000029,,Active
Colouring,P-000030,,Active
Colours,P-000031,,Active
Come Here,P-000032,,Active
Come sit,P-000033,,Active
Communication Temptation,P-000034,,Active
Complex Categories,P-000035,,Active
Complex instructions,P-000036,,Active
Complex Opposites,P-000037,,Active
Component Labels,P-000038,,Active
Conditional instructions,P-000039,,Active
Contextual emotions,P-000040,,Active
Contextual Instructions,P-000041,,Active
Contextual sorting,P-000042,,Active
Cued Articulation,P-000044,,Active
Days of the week,P-000046,,Active
Describe,P-000047,,Active
Directed play,P-000048,,Active
Do That,P-000049,,Active
Don't,P-000051,,Active
Drawing Imitation,P-000053,,Active
Eating at the table,P-000055,,Active
Emotions,P-000057,,Active
Emotions Thermometer,P-000058,,Active
Exclusions,P-000059,,Active
Expressive Labels,P-000061,,Active
Find your name,P-000063,,Active
Fine motor imitation,P-000064,,Active
Fine Motor Task Completion,P-000065,,Active
Finish Box,P-000066,,Active
First/Then,P-000068,,Active
Fluency,P-000069,,Active
Food tolerance,P-000070,,Active
Functions,P-000071,,Active
Gestures,P-000074,,Active
Getting and giving information,P-000075,,Active
Getting attention,P-000076,,Active
Give to Person,P-000079,,Active
Giving instructions,P-000080,,Active
Go To,P-000081,,Active
Go Went,P-000084,,Active
Go To and Action,P-000082,,Active
Go To and Bring Me,P-000083,,Active
Greetings,P-000085,,Active
Gross Motor,P-000086,,Active
Guess,P-000087,,Active
I don't know,P-000090,,Active
I have,P-000091,,Active
I see,P-000092,,Active
If/then,P-000094,,Active
Imaginary play,P-000095,,Active
Impossible tasks,P-000096,,Active
Interest development,P-000098,,Active
Intonation,P-000099,,Active
iPad play,P-000100,,Active
Joining in,P-000101,,Active
Joint Attention,P-000102,,Active
Key Word Signs,P-000103,,Active
Letter sequencing,P-000105,,Active
Letters,P-000106,,Active
Locations,P-000107,,Active
M100 Words,P-000109,,Active
Main idea,P-000110,,Active
Mat Time,P-000111,,Active
Non Verbal Imitation (NVI),P-000113,,Active
Not available,P-000114,,Inactive
Nuffield sounds,P-000115,,Active
Number Sequencing,P-000116,,Active
Numbers,P-000117,,Active
Numeracy,P-000118,,Active
Object Imitation,P-000119,,Active
Object to word,P-000120,,Active
Occupations,P-000121,,Active
One to one counting,P-000122,,Active
Opposites,P-000123,,Active
Oral Motor,P-000124,,Active
Past Tense,P-000126,,Active
Patterns,P-000127,,Active
PECS,P-000128,,Active
People,P-000129,,Active
Phonics,P-000131,,Active
Play Development,P-000132,,Active
Play Flexibility,P-000133,,Active
Play Imitation,P-000134,,Active
Play language,P-000135,,Active
Play with sibling,P-000136,,Active
Plurals,P-000137,,Active
Prepositions,P-000140,,Active
Pretend,P-000141,,Active
Prologuo2go Labels,P-000142,,Active
Proloquo2go,P-000144,,Active
Pronouns,P-000150,,Active
Proximity tolerance,P-000151,,Active
Put It Down,P-000152,,Active
Quantity Matching,P-000153,,Active
Quiet,P-000154,,Active
Recall,P-000156,,Active
Receptive Instructions,P-000157,,Active
Receptive Labels,P-000158,,Active
Receptive Play Instructions,P-000159,,Active
Reciprocal statements,P-000160,,Active
Referencing the board,P-000161,,Active
Reinforcement Contingency,P-000162,,Active
Relaxation Strategies,P-000164,,Active
Response to name,P-000165,,Active
Rest corner,P-000166,,Active
Riding bike,P-000168,,Active
Role projection,P-000169,,Active
Same/Different,P-000170,,Active
Say vs. do,P-000171,,Active
Self Help,P-000173,,Active
Senses,P-000174,,Active
Sequencing,P-000175,,Active
Shapes,P-000176,,Active
Sign exposure,P-000177,,Active
Social Games,P-000179,,Active
Social Questions,P-000180,,Active
Social situations,P-000182,,Active
Song Exposure,P-000184,,Active
Songs,P-000185,,Active
Song Actions,P-000183,,Active
Sorting,P-000186,,Active
Sound discrimination,P-000187,,Active
Spatial Awareness,P-000188,,Active
Spelling,P-000189,,Active
Spontaneous Labels,P-000190,,Active
Statement question,P-000191,,Active
Stop,P-000193,,Active
Ta,P-000194,,Active
Task Completion,P-000196,,Active
Tenses,P-000197,,Active
Theory of mind,P-000198,,Active
Timer,P-000200,,Active
Toilet routine,P-000201,,Active
Toileting,P-000203,,Active
Token Board,P-000204,,Active
Tolerance,P-000205,,Active
Toothbrush Tolerance,P-000207,,Active
Touch Same,P-000208,,Active
Tracing,P-000209,,Active
Turn Taking,P-000210,,Active
Typing,P-000211,,Active
Verbal Imitation (VI),P-000212,,Active
Video modelling,P-000213,,Active
Visual schedule,P-000214,,Active
Vocabulary,P-000215,,Active
Volume proximity,P-000216,,Active
Wait tolerance,P-000217,,Active
Walk with me,P-000219,,Active
Washing hands,P-000220,,Active
What doesn't belong,P-000222,,Active
What's missing?,P-000223,,Active
What's silly,P-000224,,Active
When,P-000225,,Active
Who What When Where Why How,P-000226,,Active
Why/because,P-000227,,Active
Word matching,P-000228,,Active
Words,P-000229,,Active
Working through distractions,P-000230,,Active
Worksheets,P-000231,,Active
Writing,P-000232,,Active
Yes/no,P-000233,,Active
You be the teacher,P-000234,,Active
Zones of regulation,P-000235,,Active
Drawing language exposure,P-000054,,Active
Eating tolerance,P-000056,,Active
Reinforcement Development,P-000163,,Active
Tolerance to Parents Leaving,P-000206,,Active
Washing hands tolerance,P-000221,,Active
Animal Matching,P-000005,,Active
Books,P-000020,,Active
Give me same,P-000078,,Active
Expressive labels exposure,P-000062,,Active
Proloquo2go people,P-000148,,Active
Proloquo2go commenting,P-000146,,Active
Proloquo requests,P-000143,,Active
Hat tolerance,P-000088,,Active
Exposure,P-000060,,Active
Articulation Modelling,P-000007,,Active
Precision NVI,P-000138,,Active
Generalisation,P-000073,,Active
Bathroom tolerance,P-000012,,Active
Daily living skills,P-000045,,Active
Language exposure,P-000104,,Active
Social rules,P-000181,,Active
Reading tolerance,P-000155,,Active
Toilet tolerance,P-000202,,Active
Conversation,P-000043,,Active
Reward Chart,P-000167,,Active
Getting dressed,P-000077,,Active
Finished,P-000067,,Active
Proloquo2go Tolerance,P-000149,,Active
Do vs Don't,P-000050,,Active
Proloquo2go Colour/shape,P-000145,,Active
Colour/Item,P-000028,,Active
People actions,P-000130,,Active
Table and chair exposure,P-000195,,Active
Snack Time,P-000178,,Active
Packing up,P-000125,,Active
Gender,P-000072,,Active
His/her,P-000089,,Active
Independent play,P-000097,,Active
Proloquo2go Exposure,P-000147,,Active
Losing Tolerance,P-000108,,Active
Move back,P-000112,,Active
Predicting,P-000139,,Active
I'll be back,P-000093,,Active
Sticker Tolerance,P-000192,,Active
Walk properly,P-000218,,Active
Drawing,P-000052,,Active
Searching,P-000172,,Active
Time,P-000199,,Active
Treasure Hunt,LFL-P-000001,,Active
Social stories,LFL-P-000002,,Active
Proloquo2go Body parts,LFL-P-000003,,Active
Independent Tasks,LFL-P-000004,,Active
Draw Line to Same,LFL-P-000005,,Active
What's that from?,LFL-P-000006,,Active
Pause,LFL-P-000007,,Active
Table manners,LFL-P-000008,,Active
Location Rules,LFL-P-000009,,Active
Body Check Ring,LFL-P-000010,,Active
Managing school bag,LFL-P-000011,,Active
Lining up,LFL-P-000012,,Active
LAMP,LFL-P-000013,,Active
Hair Tolerance,LFL-P-000014,,Active
Green vs Red Choice,LFL-P-000015,,Active
Co-operative Play,LFL-P-000016,,Active
Choice board,LFL-P-000017,,Active
Drinking,LFL-P-000018,,Active